-- ENDERECO
INSERT INTO `dbestacionamento`.`endereco` (`id`, `numero`, `rua`, `bairro`, `cidade`)
VALUES ('1', '10', 'TESTE 01', 'AAAA', 'CIDADE TESTE 1');
INSERT INTO `dbestacionamento`.`endereco` (`id`, `numero`, `rua`, `bairro`, `cidade`)
VALUES ('2', '30', 'TESTE 03', 'CCCC', 'CIDADE TESTE 3');

-- MARCA
INSERT INTO `dbestacionamento`.`marca` (`id`, `nome`)
VALUES ('1', 'Aston Martin');
INSERT INTO `dbestacionamento`.`marca` (`id`, `nome`)
VALUES ('2', 'Audi');
INSERT INTO `dbestacionamento`.`marca` (`id`, `nome`)
VALUES ('3', 'Bently');
INSERT INTO `dbestacionamento`.`marca` (`id`, `nome`)
VALUES ('4', 'BMW');
INSERT INTO `dbestacionamento`.`marca` (`id`, `nome`)
VALUES ('6', 'Caoa Chery');
INSERT INTO `dbestacionamento`.`marca` (`id`, `nome`)
VALUES ('7', 'Chrysler');
INSERT INTO `dbestacionamento`.`marca` (`id`, `nome`)
VALUES ('8', 'Citroën');
INSERT INTO `dbestacionamento`.`marca` (`id`, `nome`)
VALUES ('9', 'Chevrolet');
INSERT INTO `dbestacionamento`.`marca` (`id`, `nome`)
VALUES ('10', 'Ferrari');
INSERT INTO `dbestacionamento`.`marca` (`id`, `nome`)
VALUES ('11', 'Fiat');
INSERT INTO `dbestacionamento`.`marca` (`id`, `nome`)
VALUES ('12', 'Ford');
INSERT INTO `dbestacionamento`.`marca` (`id`, `nome`)
VALUES ('13', 'Honda');
INSERT INTO `dbestacionamento`.`marca` (`id`, `nome`)
VALUES ('14', 'Hyundai');
INSERT INTO `dbestacionamento`.`marca` (`id`, `nome`)
VALUES ('15', 'Jac Motors');
INSERT INTO `dbestacionamento`.`marca` (`id`, `nome`)
VALUES ('16', 'Jaguar');
INSERT INTO `dbestacionamento`.`marca` (`id`, `nome`)
VALUES ('17', 'Jeep');
INSERT INTO `dbestacionamento`.`marca` (`id`, `nome`)
VALUES ('18', 'Kia');
INSERT INTO `dbestacionamento`.`marca` (`id`, `nome`)
VALUES ('19', 'Lamborghini');
INSERT INTO `dbestacionamento`.`marca` (`id`, `nome`)
VALUES ('20', 'Land Rover');
INSERT INTO `dbestacionamento`.`marca` (`id`, `nome`)
VALUES ('21', 'Lexus');
INSERT INTO `dbestacionamento`.`marca` (`id`, `nome`)
VALUES ('22', 'Lifan');
INSERT INTO `dbestacionamento`.`marca` (`id`, `nome`)
VALUES ('23', 'Maserati');
INSERT INTO `dbestacionamento`.`marca` (`id`, `nome`)
VALUES ('24', 'Mercedes-Benz');
INSERT INTO `dbestacionamento`.`marca` (`id`, `nome`)
VALUES ('25', 'Mini');
INSERT INTO `dbestacionamento`.`marca` (`id`, `nome`)
VALUES ('26', 'Mitsubishi Motors');
INSERT INTO `dbestacionamento`.`marca` (`id`, `nome`)
VALUES ('27', 'Nissan');
INSERT INTO `dbestacionamento`.`marca` (`id`, `nome`)
VALUES ('28', 'Peugeot');
INSERT INTO `dbestacionamento`.`marca` (`id`, `nome`)
VALUES ('29', 'Porche');
INSERT INTO `dbestacionamento`.`marca` (`id`, `nome`)
VALUES ('30', 'Renault');
INSERT INTO `dbestacionamento`.`marca` (`id`, `nome`)
VALUES ('31', 'Smart');
INSERT INTO `dbestacionamento`.`marca` (`id`, `nome`)
VALUES ('32', 'Subaru');
INSERT INTO `dbestacionamento`.`marca` (`id`, `nome`)
VALUES ('33', 'Suzuki');
INSERT INTO `dbestacionamento`.`marca` (`id`, `nome`)
VALUES ('34', 'Toyota');
INSERT INTO `dbestacionamento`.`marca` (`id`, `nome`)
VALUES ('35', 'Triumph');
INSERT INTO `dbestacionamento`.`marca` (`id`, `nome`)
VALUES ('36', 'VolksWagen');
INSERT INTO `dbestacionamento`.`marca` (`id`, `nome`)
VALUES ('37', 'Volvo');
INSERT INTO `dbestacionamento`.`marca` (`id`, `nome`)
VALUES ('38', 'Yamaha');
INSERT INTO `dbestacionamento`.`marca` (`id`, `nome`)
VALUES ('39', 'Ranger Rover');
INSERT INTO `dbestacionamento`.`marca` (`id`, `nome`)
VALUES ('40', 'Motos em Gerais');

-- MODELO
# AUDI
INSERT INTO `dbestacionamento`.`modelo` (`idMarca`, `descricao`)
VALUES ('2', 'A1');
INSERT INTO `dbestacionamento`.`modelo` (`idMarca`, `descricao`)
VALUES ('2', 'A2');
INSERT INTO `dbestacionamento`.`modelo` (`idMarca`, `descricao`)
VALUES ('2', 'A3');
INSERT INTO `dbestacionamento`.`modelo` (`idMarca`, `descricao`)
VALUES ('2', 'A4');
INSERT INTO `dbestacionamento`.`modelo` (`idMarca`, `descricao`)
VALUES ('2', 'A5');
INSERT INTO `dbestacionamento`.`modelo` (`idMarca`, `descricao`)
VALUES ('2', 'A6');
INSERT INTO `dbestacionamento`.`modelo` (`idMarca`, `descricao`)
VALUES ('2', 'A7');
INSERT INTO `dbestacionamento`.`modelo` (`idMarca`, `descricao`)
VALUES ('2', 'A8');
INSERT INTO `dbestacionamento`.`modelo` (`idMarca`, `descricao`)
VALUES ('2', 'A9');
INSERT INTO `dbestacionamento`.`modelo` (`idMarca`, `descricao`)
VALUES ('2', 'Q1');
INSERT INTO `dbestacionamento`.`modelo` (`idMarca`, `descricao`)
VALUES ('2', 'Q2');
INSERT INTO `dbestacionamento`.`modelo` (`idMarca`, `descricao`)
VALUES ('2', 'Q3');
INSERT INTO `dbestacionamento`.`modelo` (`idMarca`, `descricao`)
VALUES ('2', 'Q4');
INSERT INTO `dbestacionamento`.`modelo` (`idMarca`, `descricao`)
VALUES ('2', 'Q5');
INSERT INTO `dbestacionamento`.`modelo` (`idMarca`, `descricao`)
VALUES ('2', 'Q6');
INSERT INTO `dbestacionamento`.`modelo` (`idMarca`, `descricao`)
VALUES ('2', 'Q7');
INSERT INTO `dbestacionamento`.`modelo` (`idMarca`, `descricao`)
VALUES ('2', 'Q8');
INSERT INTO `dbestacionamento`.`modelo` (`idMarca`, `descricao`)
VALUES ('2', 'Q9');
INSERT INTO `dbestacionamento`.`modelo` (`idMarca`, `descricao`)
VALUES ('2', 'RS5');
# BMW
INSERT INTO `dbestacionamento`.`modelo` (`idMarca`, `descricao`)
VALUES ('4', 'SERIE 1');
INSERT INTO `dbestacionamento`.`modelo` (`idMarca`, `descricao`)
VALUES ('4', 'SERIE 2');
INSERT INTO `dbestacionamento`.`modelo` (`idMarca`, `descricao`)
VALUES ('4', 'SERIE 3');
INSERT INTO `dbestacionamento`.`modelo` (`idMarca`, `descricao`)
VALUES ('4', 'SERIE 4');
INSERT INTO `dbestacionamento`.`modelo` (`idMarca`, `descricao`)
VALUES ('4', 'SERIE 5');
INSERT INTO `dbestacionamento`.`modelo` (`idMarca`, `descricao`)
VALUES ('4', 'SERIE 6');
INSERT INTO `dbestacionamento`.`modelo` (`idMarca`, `descricao`)
VALUES ('4', 'SERIE 7');
INSERT INTO `dbestacionamento`.`modelo` (`idMarca`, `descricao`)
VALUES ('4', 'SERIE 8');
INSERT INTO `dbestacionamento`.`modelo` (`idMarca`, `descricao`)
VALUES ('4', 'SERIE 9');
INSERT INTO `dbestacionamento`.`modelo` (`idMarca`, `descricao`)
VALUES ('4', 'SERIE 1');
INSERT INTO `dbestacionamento`.`modelo` (`idMarca`, `descricao`)
VALUES ('4', 'SERIE 1');
INSERT INTO `dbestacionamento`.`modelo` (`idMarca`, `descricao`)
VALUES ('4', 'X1');
INSERT INTO `dbestacionamento`.`modelo` (`idMarca`, `descricao`)
VALUES ('4', 'X2');
INSERT INTO `dbestacionamento`.`modelo` (`idMarca`, `descricao`)
VALUES ('4', 'X3');
INSERT INTO `dbestacionamento`.`modelo` (`idMarca`, `descricao`)
VALUES ('4', 'X4');
INSERT INTO `dbestacionamento`.`modelo` (`idMarca`, `descricao`)
VALUES ('4', 'X5');
INSERT INTO `dbestacionamento`.`modelo` (`idMarca`, `descricao`)
VALUES ('4', 'X6');
INSERT INTO `dbestacionamento`.`modelo` (`idMarca`, `descricao`)
VALUES ('4', 'X7');
INSERT INTO `dbestacionamento`.`modelo` (`idMarca`, `descricao`)
VALUES ('4', 'X8');
INSERT INTO `dbestacionamento`.`modelo` (`idMarca`, `descricao`)
VALUES ('4', 'X9');
INSERT INTO `dbestacionamento`.`modelo` (`idMarca`, `descricao`)
VALUES ('4', 'Z4');
INSERT INTO `dbestacionamento`.`modelo` (`idMarca`, `descricao`)
VALUES ('4', 'M1');
INSERT INTO `dbestacionamento`.`modelo` (`idMarca`, `descricao`)
VALUES ('4', 'M2');
INSERT INTO `dbestacionamento`.`modelo` (`idMarca`, `descricao`)
VALUES ('4', 'M3');
INSERT INTO `dbestacionamento`.`modelo` (`idMarca`, `descricao`)
VALUES ('4', 'M4');
INSERT INTO `dbestacionamento`.`modelo` (`idMarca`, `descricao`)
VALUES ('4', 'M5');
# CITROEN
INSERT INTO `dbestacionamento`.`modelo` (`idMarca`, `descricao`)
VALUES ('8', 'C3');
INSERT INTO `dbestacionamento`.`modelo` (`idMarca`, `descricao`)
VALUES ('8', 'C4');
INSERT INTO `dbestacionamento`.`modelo` (`idMarca`, `descricao`)
VALUES ('8', 'AIRCROSS');
# CHEVROLET
INSERT INTO `dbestacionamento`.`modelo` (`idMarca`, `descricao`)
VALUES ('9', 'CELTA');
INSERT INTO `dbestacionamento`.`modelo` (`idMarca`, `descricao`)
VALUES ('9', 'CORSA');
INSERT INTO `dbestacionamento`.`modelo` (`idMarca`, `descricao`)
VALUES ('9', 'ONIX');
INSERT INTO `dbestacionamento`.`modelo` (`idMarca`, `descricao`)
VALUES ('9', 'COBALT');
INSERT INTO `dbestacionamento`.`modelo` (`idMarca`, `descricao`)
VALUES ('9', 'SPIN');
INSERT INTO `dbestacionamento`.`modelo` (`idMarca`, `descricao`)
VALUES ('9', 'CRUZE');
INSERT INTO `dbestacionamento`.`modelo` (`idMarca`, `descricao`)
VALUES ('9', 'AGILE');
INSERT INTO `dbestacionamento`.`modelo` (`idMarca`, `descricao`)
VALUES ('9', 'CAMARO');
INSERT INTO `dbestacionamento`.`modelo` (`idMarca`, `descricao`)
VALUES ('9', 'TRAIL BLAZER');
INSERT INTO `dbestacionamento`.`modelo` (`idMarca`, `descricao`)
VALUES ('9', 'EQUINOX');
INSERT INTO `dbestacionamento`.`modelo` (`idMarca`, `descricao`)
VALUES ('9', 'BOLT');
INSERT INTO `dbestacionamento`.`modelo` (`idMarca`, `descricao`)
VALUES ('9', 'TRACKER');
INSERT INTO `dbestacionamento`.`modelo` (`idMarca`, `descricao`)
VALUES ('9', 'PRISMA');
INSERT INTO `dbestacionamento`.`modelo` (`idMarca`, `descricao`)
VALUES ('9', 'S10');
# FERRARI
INSERT INTO `dbestacionamento`.`modelo` (`idMarca`, `descricao`)
VALUES ('10', 'F40');
INSERT INTO `dbestacionamento`.`modelo` (`idMarca`, `descricao`)
VALUES ('10', '488');
INSERT INTO `dbestacionamento`.`modelo` (`idMarca`, `descricao`)
VALUES ('10', 'PORTOFINO');
INSERT INTO `dbestacionamento`.`modelo` (`idMarca`, `descricao`)
VALUES ('10', '812');
INSERT INTO `dbestacionamento`.`modelo` (`idMarca`, `descricao`)
VALUES ('10', 'F8');
INSERT INTO `dbestacionamento`.`modelo` (`idMarca`, `descricao`)
VALUES ('10', 'GTC4');
# FIAT
INSERT INTO `dbestacionamento`.`modelo` (`idMarca`, `descricao`)
VALUES ('11', 'UNO');
INSERT INTO `dbestacionamento`.`modelo` (`idMarca`, `descricao`)
VALUES ('11', 'PALIO');
INSERT INTO `dbestacionamento`.`modelo` (`idMarca`, `descricao`)
VALUES ('11', 'SIENA');
INSERT INTO `dbestacionamento`.`modelo` (`idMarca`, `descricao`)
VALUES ('11', 'PUNTO');
INSERT INTO `dbestacionamento`.`modelo` (`idMarca`, `descricao`)
VALUES ('11', 'IDEA');
INSERT INTO `dbestacionamento`.`modelo` (`idMarca`, `descricao`)
VALUES ('11', '500');
INSERT INTO `dbestacionamento`.`modelo` (`idMarca`, `descricao`)
VALUES ('11', 'DOBLÒ');
INSERT INTO `dbestacionamento`.`modelo` (`idMarca`, `descricao`)
VALUES ('11', 'BRAVO');
INSERT INTO `dbestacionamento`.`modelo` (`idMarca`, `descricao`)
VALUES ('11', 'ARGO');
INSERT INTO `dbestacionamento`.`modelo` (`idMarca`, `descricao`)
VALUES ('11', 'MOBI');
INSERT INTO `dbestacionamento`.`modelo` (`idMarca`, `descricao`)
VALUES ('11', 'CRONOS');
INSERT INTO `dbestacionamento`.`modelo` (`idMarca`, `descricao`)
VALUES ('11', 'STRADA');
INSERT INTO `dbestacionamento`.`modelo` (`idMarca`, `descricao`)
VALUES ('11', 'TORO');
INSERT INTO `dbestacionamento`.`modelo` (`idMarca`, `descricao`)
VALUES ('11', 'FIORINO');
INSERT INTO `dbestacionamento`.`modelo` (`idMarca`, `descricao`)
VALUES ('11', 'DUCATO(S)');
# FORD
INSERT INTO `dbestacionamento`.`modelo` (`idMarca`, `descricao`)
VALUES ('12', 'FIESTA/NEW FIESTA');
INSERT INTO `dbestacionamento`.`modelo` (`idMarca`, `descricao`)
VALUES ('12', 'KA');
INSERT INTO `dbestacionamento`.`modelo` (`idMarca`, `descricao`)
VALUES ('12', 'MARCH');
INSERT INTO `dbestacionamento`.`modelo` (`idMarca`, `descricao`)
VALUES ('12', 'FOCUS');
INSERT INTO `dbestacionamento`.`modelo` (`idMarca`, `descricao`)
VALUES ('12', 'MUSTAG');
INSERT INTO `dbestacionamento`.`modelo` (`idMarca`, `descricao`)
VALUES ('12', 'ECOSPORT');
INSERT INTO `dbestacionamento`.`modelo` (`idMarca`, `descricao`)
VALUES ('12', 'EDGE');
# HONDA
INSERT INTO `dbestacionamento`.`modelo` (`idMarca`, `descricao`)
VALUES ('13', 'CIVIC');
INSERT INTO `dbestacionamento`.`modelo` (`idMarca`, `descricao`)
VALUES ('13', 'CITY');
INSERT INTO `dbestacionamento`.`modelo` (`idMarca`, `descricao`)
VALUES ('13', 'FIT');
INSERT INTO `dbestacionamento`.`modelo` (`idMarca`, `descricao`)
VALUES ('13', 'CR-V');
INSERT INTO `dbestacionamento`.`modelo` (`idMarca`, `descricao`)
VALUES ('13', 'MARCH');
INSERT INTO `dbestacionamento`.`modelo` (`idMarca`, `descricao`)
VALUES ('13', 'HR-V');
INSERT INTO `dbestacionamento`.`modelo` (`idMarca`, `descricao`)
VALUES ('13', 'WR-V');
INSERT INTO `dbestacionamento`.`modelo` (`idMarca`, `descricao`)
VALUES ('13', 'ACCORD');
# HYUNDAI
INSERT INTO `dbestacionamento`.`modelo` (`idMarca`, `descricao`)
VALUES ('14', 'HB20');
INSERT INTO `dbestacionamento`.`modelo` (`idMarca`, `descricao`)
VALUES ('14', 'I30');
INSERT INTO `dbestacionamento`.`modelo` (`idMarca`, `descricao`)
VALUES ('14', 'TUCSON');
INSERT INTO `dbestacionamento`.`modelo` (`idMarca`, `descricao`)
VALUES ('14', 'SANTA FE');
INSERT INTO `dbestacionamento`.`modelo` (`idMarca`, `descricao`)
VALUES ('14', 'IX35');
INSERT INTO `dbestacionamento`.`modelo` (`idMarca`, `descricao`)
VALUES ('14', 'AZERA');
INSERT INTO `dbestacionamento`.`modelo` (`idMarca`, `descricao`)
VALUES ('14', 'CRETA');
# JAC
INSERT INTO `dbestacionamento`.`modelo` (`idMarca`, `descricao`)
VALUES ('15', 'J1');
INSERT INTO `dbestacionamento`.`modelo` (`idMarca`, `descricao`)
VALUES ('15', 'J2');
INSERT INTO `dbestacionamento`.`modelo` (`idMarca`, `descricao`)
VALUES ('15', 'J3');
INSERT INTO `dbestacionamento`.`modelo` (`idMarca`, `descricao`)
VALUES ('15', 'J4');
INSERT INTO `dbestacionamento`.`modelo` (`idMarca`, `descricao`)
VALUES ('15', 'J5');
INSERT INTO `dbestacionamento`.`modelo` (`idMarca`, `descricao`)
VALUES ('15', 'J6');
INSERT INTO `dbestacionamento`.`modelo` (`idMarca`, `descricao`)
VALUES ('15', 'J7');
INSERT INTO `dbestacionamento`.`modelo` (`idMarca`, `descricao`)
VALUES ('15', 'T40');
INSERT INTO `dbestacionamento`.`modelo` (`idMarca`, `descricao`)
VALUES ('15', 'T5');
INSERT INTO `dbestacionamento`.`modelo` (`idMarca`, `descricao`)
VALUES ('15', 'T8');
INSERT INTO `dbestacionamento`.`modelo` (`idMarca`, `descricao`)
VALUES ('15', 'T80');
INSERT INTO `dbestacionamento`.`modelo` (`idMarca`, `descricao`)
VALUES ('15', 'V260');
INSERT INTO `dbestacionamento`.`modelo` (`idMarca`, `descricao`)
VALUES ('15', 'IEV');
# KIA
INSERT INTO `dbestacionamento`.`modelo` (`idMarca`, `descricao`)
VALUES ('18', 'RIO');
INSERT INTO `dbestacionamento`.`modelo` (`idMarca`, `descricao`)
VALUES ('18', 'SPORTAGE');
INSERT INTO `dbestacionamento`.`modelo` (`idMarca`, `descricao`)
VALUES ('18', 'STRINGER');
INSERT INTO `dbestacionamento`.`modelo` (`idMarca`, `descricao`)
VALUES ('18', 'SOUL');
INSERT INTO `dbestacionamento`.`modelo` (`idMarca`, `descricao`)
VALUES ('18', 'CERATO');
INSERT INTO `dbestacionamento`.`modelo` (`idMarca`, `descricao`)
VALUES ('18', 'GRAND CARNIVAL');
# LAND ROVER
INSERT INTO `dbestacionamento`.`modelo` (`idMarca`, `descricao`)
VALUES ('20', 'DISCOVERY');
INSERT INTO `dbestacionamento`.`modelo` (`idMarca`, `descricao`)
VALUES ('20', 'EVOQUE');
INSERT INTO `dbestacionamento`.`modelo` (`idMarca`, `descricao`)
VALUES ('20', 'SPORT');
INSERT INTO `dbestacionamento`.`modelo` (`idMarca`, `descricao`)
VALUES ('20', 'VELAR');
# NISSAN
INSERT INTO `dbestacionamento`.`modelo` (`idMarca`, `descricao`)
VALUES ('27', 'MARCH');
INSERT INTO `dbestacionamento`.`modelo` (`idMarca`, `descricao`)
VALUES ('27', 'VERSA');
INSERT INTO `dbestacionamento`.`modelo` (`idMarca`, `descricao`)
VALUES ('27', 'LIVINA');
INSERT INTO `dbestacionamento`.`modelo` (`idMarca`, `descricao`)
VALUES ('27', 'LEAF');
INSERT INTO `dbestacionamento`.`modelo` (`idMarca`, `descricao`)
VALUES ('27', 'KICKS');
# PEUGEOT
INSERT INTO `dbestacionamento`.`modelo` (`idMarca`, `descricao`)
VALUES ('28', '207');
INSERT INTO `dbestacionamento`.`modelo` (`idMarca`, `descricao`)
VALUES ('28', '208');
INSERT INTO `dbestacionamento`.`modelo` (`idMarca`, `descricao`)
VALUES ('28', '307');
INSERT INTO `dbestacionamento`.`modelo` (`idMarca`, `descricao`)
VALUES ('28', '308');
INSERT INTO `dbestacionamento`.`modelo` (`idMarca`, `descricao`)
VALUES ('28', '1000+');
INSERT INTO `dbestacionamento`.`modelo` (`idMarca`, `descricao`)
VALUES ('28', '2000+');
INSERT INTO `dbestacionamento`.`modelo` (`idMarca`, `descricao`)
VALUES ('28', '3000+');
INSERT INTO `dbestacionamento`.`modelo` (`idMarca`, `descricao`)
VALUES ('28', '4000+');
INSERT INTO `dbestacionamento`.`modelo` (`idMarca`, `descricao`)
VALUES ('28', '5000+');
INSERT INTO `dbestacionamento`.`modelo` (`idMarca`, `descricao`)
VALUES ('28', '6000+');
INSERT INTO `dbestacionamento`.`modelo` (`idMarca`, `descricao`)
VALUES ('28', '7000+');
INSERT INTO `dbestacionamento`.`modelo` (`idMarca`, `descricao`)
VALUES ('28', '8000+');
# RENAULT
INSERT INTO `dbestacionamento`.`modelo` (`idMarca`, `descricao`)
VALUES ('30', 'SANDERO');
INSERT INTO `dbestacionamento`.`modelo` (`idMarca`, `descricao`)
VALUES ('30', 'LOGAN');
INSERT INTO `dbestacionamento`.`modelo` (`idMarca`, `descricao`)
VALUES ('30', 'FLUENCE');
INSERT INTO `dbestacionamento`.`modelo` (`idMarca`, `descricao`)
VALUES ('30', 'CAPTUR');
INSERT INTO `dbestacionamento`.`modelo` (`idMarca`, `descricao`)
VALUES ('30', 'ZOE');
INSERT INTO `dbestacionamento`.`modelo` (`idMarca`, `descricao`)
VALUES ('30', 'KWID');
INSERT INTO `dbestacionamento`.`modelo` (`idMarca`, `descricao`)
VALUES ('30', 'DUSTER');
# SUZUKI
INSERT INTO `dbestacionamento`.`modelo` (`idMarca`, `descricao`)
VALUES ('33', 'JIMMY VITAR');
INSERT INTO `dbestacionamento`.`modelo` (`idMarca`, `descricao`)
VALUES ('33', 'S-CROSS');
# TOYOTA
INSERT INTO `dbestacionamento`.`modelo` (`idMarca`, `descricao`)
VALUES ('34', 'COROLLA');
INSERT INTO `dbestacionamento`.`modelo` (`idMarca`, `descricao`)
VALUES ('34', 'ETIOS');
INSERT INTO `dbestacionamento`.`modelo` (`idMarca`, `descricao`)
VALUES ('34', 'YARIS');
INSERT INTO `dbestacionamento`.`modelo` (`idMarca`, `descricao`)
VALUES ('34', 'RAV4');
INSERT INTO `dbestacionamento`.`modelo` (`idMarca`, `descricao`)
VALUES ('34', 'CAMRY');
INSERT INTO `dbestacionamento`.`modelo` (`idMarca`, `descricao`)
VALUES ('34', 'PRIUS');
INSERT INTO `dbestacionamento`.`modelo` (`idMarca`, `descricao`)
VALUES ('34', 'SW4');
# VOLKSWAGEM
INSERT INTO `dbestacionamento`.`modelo` (`idMarca`, `descricao`)
VALUES ('36', 'GOL');
INSERT INTO `dbestacionamento`.`modelo` (`idMarca`, `descricao`)
VALUES ('36', 'GOLF');
INSERT INTO `dbestacionamento`.`modelo` (`idMarca`, `descricao`)
VALUES ('36', 'POLO');
INSERT INTO `dbestacionamento`.`modelo` (`idMarca`, `descricao`)
VALUES ('36', 'JETTA');
INSERT INTO `dbestacionamento`.`modelo` (`idMarca`, `descricao`)
VALUES ('36', 'FOX/CROSS-FOX/SPACE-FOX');
INSERT INTO `dbestacionamento`.`modelo` (`idMarca`, `descricao`)
VALUES ('36', 'VOYAGE');
INSERT INTO `dbestacionamento`.`modelo` (`idMarca`, `descricao`)
VALUES ('36', 'UP');
INSERT INTO `dbestacionamento`.`modelo` (`idMarca`, `descricao`)
VALUES ('36', 'T-CROSS');
INSERT INTO `dbestacionamento`.`modelo` (`idMarca`, `descricao`)
VALUES ('36', 'VIRTUS');
INSERT INTO `dbestacionamento`.`modelo` (`idMarca`, `descricao`)
VALUES ('36', 'TIGUAN ALLSPACE');
# RANGER ROVER
INSERT INTO `dbestacionamento`.`modelo` (`idMarca`, `descricao`)
VALUES ('39', 'DISCOVERY');
INSERT INTO `dbestacionamento`.`modelo` (`idMarca`, `descricao`)
VALUES ('39', 'EVOQUE');
INSERT INTO `dbestacionamento`.`modelo` (`idMarca`, `descricao`)
VALUES ('39', 'SPORT');
INSERT INTO `dbestacionamento`.`modelo` (`idMarca`, `descricao`)
VALUES ('39', 'VELAR');
# MOTOS
INSERT INTO `dbestacionamento`.`modelo` (`idMarca`, `descricao`)
VALUES ('40', 'MOTOS EM GERAIS');

-- CARRO
INSERT INTO `dbestacionamento`.`carro` (`id`, `idModelo`, `placa`, `cor`)
VALUES ('1', '1', 'ABC0001', 'BRANCO');
INSERT INTO `dbestacionamento`.`carro` (`id`, `idModelo`, `placa`, `cor`)
VALUES ('2', '2', 'A0B0C0D', 'VERMELHO');

-- CLIENTE
INSERT INTO `dbestacionamento`.`cliente` (`id`, `idEndereco`, `idCarro`, `nome`, `cpf`, `rg`, `email`, `telefone`)
VALUES ('1', '1', '1', 'JOSE', '00000000010', '1234567', 'teste1@email.com', '48000000001');
INSERT INTO `dbestacionamento`.`cliente` (`id`, `idEndereco`, `idCarro`, `nome`, `cpf`, `rg`, `email`, `telefone`)
VALUES ('2', '2', '2', 'JOAO', '00000000030', '7891234', 'teste3@email.com', '48000000003');

-- TICKET
INSERT INTO `dbestacionamento`.`ticket` (`id`, `n_ticket`)
VALUES ('1', '0101010101');
INSERT INTO `dbestacionamento`.`ticket` (`id`, `n_ticket`)
VALUES ('2', '0202020202');

-- PLANO
INSERT INTO `dbestacionamento`.`plano` (`id`, `tipo`, `descricao`)
VALUES ('1', 'MENSAL 30 CORRIDO', 'R$ 200.00');
INSERT INTO `dbestacionamento`.`plano` (`id`, `tipo`, `descricao`)
VALUES ('2', 'PRÉ-PAGO', 'R$ 25.00');

-- CONTRATO
INSERT INTO `dbestacionamento`.`contrato` (`id`, `idPlano`, `idCliente`, `n_cartao`, `dt_entrada`, `dt_validade`, `ativo`, `valor`, `tipoPgto`)
VALUES ('1', '1', '1', '10000000001', now(), adddate(now(), 365), '1', '200.00', 'DINHEIRO');
INSERT INTO `dbestacionamento`.`contrato` (`id`,`idPlano`, `idCliente`, `n_cartao`, `dt_entrada`, `dt_validade`, `ativo`, `valor`, `tipoPgto`)
VALUES ('2','2','2', '10000000003', now(), adddate(now(), 365), '1', '25.00', 'DINHEIRO');

-- MOVIMENTO
INSERT INTO `dbestacionamento`.`movimento` (`id`, `idContrato`, `hr_entrada`)
VALUES ('1', '1', now());
INSERT INTO `dbestacionamento`.`movimento` (`id`, `idContrato`, `hr_entrada`)
VALUES ('2', '2', now());
INSERT INTO `dbestacionamento`.`movimento` (`id`, `idTicket`, `hr_entrada`)
VALUES ('3', '1', now());
INSERT INTO `dbestacionamento`.`movimento` (`id`, `idTicket`, `hr_entrada`)
VALUES ('4', '2', now());

